Available_Parameters,Count,Percentage
None,5286,33.63665287941458
"BOD, pH",3816,24.282532612153993
pH,2964,18.86096086541521
"DO, pH",2276,14.482978046452432
BOD,1371,8.724148902322622
DO,2,0.012726694241170854
